City,Temperature,Weather
Accra,26 °C,Passing clouds. Warm.
Addis Ababa,17 °C,Passing clouds. Mild.
Adelaide,11 °C,Quite cool.
Algiers,27 °C,Sunny. Warm.
Almaty,13 °C,Clear. Refreshingly cool.
Amman,26 °C,Clear. Warm.
Amsterdam,18 °C,Scattered clouds. Mild.
Anadyr,3 °C,Passing clouds. Chilly.
Anchorage,11 °C,Passing clouds. Cool.
Ankara,26 °C,Clear. Pleasantly warm.
Antananarivo,14 °C,Passing clouds. Cool.
Asuncion,34 °C,Passing clouds. Extremely hot.
Athens,32 °C,Hot.
Atlanta,28 °C,Passing clouds. Warm.
Auckland,12 °C,Light rain. Partly cloudy. Cool.
Bangkok,26 °C,Light rain. Passing clouds. Warm.
Barcelona,27 °C,Passing clouds. Warm.
Beijing,20 °C,Clear. Mild.
Belgrade,19 °C,Passing clouds. Mild.
Bengaluru,22 °C,Partly cloudy. Mild.
Berlin,23 °C,Sunny. Mild.
Bogota,17 °C,Drizzle. Broken clouds. Mild.
Boston,21 °C,Passing clouds. Mild.
Brasilia,29 °C,Sunny. Pleasantly warm.
Brisbane,13 °C,Cool.
Brussels,20 °C,Passing clouds. Mild.
Bucharest,19 °C,Passing clouds. Mild.
Budapest,20 °C,Sprinkles. Passing clouds. Mild.
Buenos Aires,18 °C,Thunderstorms. Overcast. Mild.
Cairo,32 °C,Clear. Hot.
Calgary,23 °C,Passing clouds. Mild.
Canberra,-1 °C,Clear. Chilly.
Cape Town,15 °C,Passing clouds. Cool.
Caracas,32 °C,Passing clouds. Hot.
Casablanca,24 °C,Scattered clouds. Mild.
Chicago,23 °C,Partly sunny. Mild.
Copenhagen,19 °C,Clear. Mild.
Dallas,27 °C,Mostly cloudy. Warm.
Dar es Salaam,26 °C,Passing clouds. Warm.
Darwin,23 °C,Passing clouds. Mild.
Denver,22 °C,Sunny. Mild.
Detroit,22 °C,Sunny. Mild.
Dhaka,27 °C,Passing clouds. Warm.
Doha,35 °C,Clear. Extremely hot.
Dubai,38 °C,Clear. Extremely hot.
Dublin,17 °C,Broken clouds. Mild.
Edmonton,21 °C,Passing clouds. Mild.
Frankfurt,24 °C,Sunny. Mild.
Guatemala City,25 °C,Scattered clouds. Warm.
Halifax,22 °C,Partly sunny. Mild.
Hanoi,27 °C,Clear. Warm.
Harare,26 °C,Sunny. Pleasantly warm.
Havana,34 °C,Scattered clouds. Extremely hot.
Helsinki,16 °C,Partly cloudy. Cool.
Hong Kong,29 °C,Passing clouds. Warm.
Honolulu,24 °C,Partly sunny. Mild.
Houston,31 °C,Cloudy. Warm.
Indianapolis,20 °C,Passing clouds. Mild.
Islamabad,25 °C,Passing clouds. Warm.
Istanbul,27 °C,Clear. Warm.
Jakarta,26 °C,Passing clouds. Warm.
Jerusalem,23 °C,Mild.
Johannesburg,24 °C,Clear. Mild.
Karachi,28 °C,Passing clouds. Warm.
Kathmandu,22 °C,Partly cloudy. Mild.
Kingston,32 °C,Hot.
Kinshasa,27 °C,Passing clouds. Warm.
Kiritimati,27 °C,Passing clouds. Warm.
Kolkata,30 °C,Passing clouds. Warm.
